{
    "fluentMethods": true,
    "relationships": [
        {
            "relationshipType": "many-to-one",
            "relationshipName": "homework",
            "otherEntityName": "homework",
            "otherEntityField": "id"
        },
        {
            "relationshipType": "many-to-one",
            "relationshipName": "student",
            "otherEntityName": "student",
            "otherEntityField": "id"
        }
    ],
    "fields": [
        {
            "fieldName": "date",
            "fieldType": "ZonedDateTime",
            "fieldValidateRules": [
                "required"
            ]
        }
    ],
    "changelogDate": "20161020170812",
    "entityTableName": "submission",
    "dto": "no",
    "pagination": "no",
    "service": "no"
}